-- departments
INSERT INTO departments (did, dname) VALUES (0, 'Human Resources');
INSERT INTO departments (did, dname) VALUES (1, 'Product Management');
INSERT INTO departments (did, dname) VALUES (2, 'Research and Development');
INSERT INTO departments (did, dname) VALUES (3, 'Sales');
INSERT INTO departments (did, dname) VALUES (4, 'Support');
INSERT INTO departments (did, dname) VALUES (5, 'Legal');
INSERT INTO departments (did, dname) VALUES (6, 'Engineering');
INSERT INTO departments (did, dname) VALUES (7, 'Training');
INSERT INTO departments (did, dname) VALUES (8, 'Marketing');
INSERT INTO departments (did, dname) VALUES (9, 'Accounting');

-- employees
INSERT INTO employees (ename, ekind, did, resigned_date, mobile_contact, home_contact, office_contact) VALUES ('Coop Mullinger', 'manager', 0, NULL, 94920023, 64218576, 66935140);
INSERT INTO employees (ename, ekind, did, resigned_date, mobile_contact, home_contact, office_contact) VALUES ('Etheline Breache', 'manager', 1, NULL, NULL, NULL, NULL);
INSERT INTO employees (ename, ekind, did, resigned_date, mobile_contact, home_contact, office_contact) VALUES ('Barbie Fallow', 'manager', 2, NULL, 92748241, 64693711, 64493764);
INSERT INTO employees (ename, ekind, did, resigned_date, mobile_contact, home_contact, office_contact) VALUES ('Hermy Arnowitz', 'manager', 3, NULL, 80663610, 66195748, 68909272);
INSERT INTO employees (ename, ekind, did, resigned_date, mobile_contact, home_contact, office_contact) VALUES ('Guenna Tremathick', 'manager', 4, NULL, 98784479, 65063121, 68588192);
INSERT INTO employees (ename, ekind, did, resigned_date, mobile_contact, home_contact, office_contact) VALUES ('Joelly Ghiraldi', 'manager', 5, NULL, 99041669, 61677113, 62747916);
INSERT INTO employees (ename, ekind, did, resigned_date, mobile_contact, home_contact, office_contact) VALUES ('Analise Cromblehome', 'manager', 6, NULL, 96276127, 68771184, 68969601);
INSERT INTO employees (ename, ekind, did, resigned_date, mobile_contact, home_contact, office_contact) VALUES ('Bay Asplin', 'manager', 7, NULL, 95329756, 66961385, 66405138);
INSERT INTO employees (ename, ekind, did, resigned_date, mobile_contact, home_contact, office_contact) VALUES ('Jerri Spring', 'manager', 8, '3/11/2021'::DATE, 84554702, 68799575, 65932875);
INSERT INTO employees (ename, ekind, did, resigned_date, mobile_contact, home_contact, office_contact) VALUES ('Edan Jerrom', 'manager', 9, NULL, 91188079, 62869860, 60472197);
INSERT INTO employees (ename, ekind, did, resigned_date, mobile_contact, home_contact, office_contact) VALUES ('Ivor Calderhead', 'senior', 0, NULL, 94504347, 65211040, 68156728);
INSERT INTO employees (ename, ekind, did, resigned_date, mobile_contact, home_contact, office_contact) VALUES ('Adham Polet', 'senior', 1, NULL, 94578916, 62525122, 65737669);
INSERT INTO employees (ename, ekind, did, resigned_date, mobile_contact, home_contact, office_contact) VALUES ('Farand Sheryne', 'senior', 2, '4/11/2021'::DATE, 98053207, 66218482, 68338237);
INSERT INTO employees (ename, ekind, did, resigned_date, mobile_contact, home_contact, office_contact) VALUES ('Glenn Gartshore', 'senior', 3, NULL, 86362038, 68061849, 62644627);
INSERT INTO employees (ename, ekind, did, resigned_date, mobile_contact, home_contact, office_contact) VALUES ('Calhoun Minchinton', 'senior', 4, NULL, 94851417, 66160896, 62918111);
INSERT INTO employees (ename, ekind, did, resigned_date, mobile_contact, home_contact, office_contact) VALUES ('Ramona Destouche', 'senior', 5, NULL, 95129314, 61364989, 67410630);
INSERT INTO employees (ename, ekind, did, resigned_date, mobile_contact, home_contact, office_contact) VALUES ('Lishe Gorick', 'senior', 6, NULL, 93310585, 64092572, 63294488);
INSERT INTO employees (ename, ekind, did, resigned_date, mobile_contact, home_contact, office_contact) VALUES ('Vasilis Tole', 'senior', 7, NULL, NULL, NULL, NULL);
INSERT INTO employees (ename, ekind, did, resigned_date, mobile_contact, home_contact, office_contact) VALUES ('Efrem Stockoe', 'senior', 8, NULL, 99239146, 65381250, 69950238);
INSERT INTO employees (ename, ekind, did, resigned_date, mobile_contact, home_contact, office_contact) VALUES ('Wally Pourveer', 'senior', 9, NULL, 98594662, 68417912, 61490192);
INSERT INTO employees (ename, ekind, did, resigned_date, mobile_contact, home_contact, office_contact) VALUES ('Lindi Prenty', 'junior', 0, NULL, 85200268, 66785779, 68570855);
INSERT INTO employees (ename, ekind, did, resigned_date, mobile_contact, home_contact, office_contact) VALUES ('Mattheus Obray', 'junior', 1, NULL, NULL, NULL, NULL);
INSERT INTO employees (ename, ekind, did, resigned_date, mobile_contact, home_contact, office_contact) VALUES ('Krista Breadon', 'junior', 2, NULL, 96522307, 64229534, 60510044);
INSERT INTO employees (ename, ekind, did, resigned_date, mobile_contact, home_contact, office_contact) VALUES ('Iormina Sample', 'junior', 3, NULL, 82555227, 67930030, 66786751);
INSERT INTO employees (ename, ekind, did, resigned_date, mobile_contact, home_contact, office_contact) VALUES ('Brannon Catanheira', 'junior', 4, NULL, NULL, NULL, NULL);
INSERT INTO employees (ename, ekind, did, resigned_date, mobile_contact, home_contact, office_contact) VALUES ('Charissa Krug', 'junior', 5, NULL, 83336739, 68528492, 62710525);
INSERT INTO employees (ename, ekind, did, resigned_date, mobile_contact, home_contact, office_contact) VALUES ('Laurent Coughlan', 'junior', 6, NULL, NULL, NULL, NULL);
INSERT INTO employees (ename, ekind, did, resigned_date, mobile_contact, home_contact, office_contact) VALUES ('Giacopo Gutman', 'junior', 7, NULL, 82245680, 60684078, 60291358);
INSERT INTO employees (ename, ekind, did, resigned_date, mobile_contact, home_contact, office_contact) VALUES ('Humfried Gouinlock', 'junior', 8, NULL, 87940278, 64715982, 64735287);
INSERT INTO employees (ename, ekind, did, resigned_date, mobile_contact, home_contact, office_contact) VALUES ('Dara Palmby', 'junior', 9, NULL, 91126497, 68664237, 65158509);
INSERT INTO employees (ename, ekind, did, resigned_date, mobile_contact, home_contact, office_contact) VALUES ('Wynn Martellini', 'manager', 0, NULL, 82513326, 68523205, 64358934);
INSERT INTO employees (ename, ekind, did, resigned_date, mobile_contact, home_contact, office_contact) VALUES ('Lothario Greenstead', 'manager', 1, NULL, 85529803, 64720460, 61796222);
INSERT INTO employees (ename, ekind, did, resigned_date, mobile_contact, home_contact, office_contact) VALUES ('Delores Kohlerman', 'manager', 2, NULL, 81944593, 65460506, 69042489);
INSERT INTO employees (ename, ekind, did, resigned_date, mobile_contact, home_contact, office_contact) VALUES ('Forest Gatfield', 'manager', 3, NULL, 82401646, 62214225, 62224522);
INSERT INTO employees (ename, ekind, did, resigned_date, mobile_contact, home_contact, office_contact) VALUES ('Karalynn Badger', 'manager', 4, NULL, 94343297, 66518095, 62756113);
INSERT INTO employees (ename, ekind, did, resigned_date, mobile_contact, home_contact, office_contact) VALUES ('Bess Barczewski', 'manager', 5, NULL, 87839158, 63669298, 67306793);
INSERT INTO employees (ename, ekind, did, resigned_date, mobile_contact, home_contact, office_contact) VALUES ('Ethel Dominik', 'manager', 6, '2/11/2021'::DATE, 98200751, 67484084, 63531198);
INSERT INTO employees (ename, ekind, did, resigned_date, mobile_contact, home_contact, office_contact) VALUES ('Husain Engledow', 'manager', 7, NULL, 96159840, 67458340, 68387949);
INSERT INTO employees (ename, ekind, did, resigned_date, mobile_contact, home_contact, office_contact) VALUES ('Xylina Passfield', 'manager', 8, NULL, 87825459, 65739378, 67784763);
INSERT INTO employees (ename, ekind, did, resigned_date, mobile_contact, home_contact, office_contact) VALUES ('Miranda Siemon', 'manager', 9, NULL, 99078398, 63667592, 63670533);
INSERT INTO employees (ename, ekind, did, resigned_date, mobile_contact, home_contact, office_contact) VALUES ('Alexei Langtree', 'senior', 0, NULL, NULL, NULL, NULL);
INSERT INTO employees (ename, ekind, did, resigned_date, mobile_contact, home_contact, office_contact) VALUES ('Donna Bice', 'senior', 1, NULL, 81346343, 61139952, 61380468);
INSERT INTO employees (ename, ekind, did, resigned_date, mobile_contact, home_contact, office_contact) VALUES ('Margret Spinas', 'senior', 2, NULL, 94271540, 63143328, 66325932);
INSERT INTO employees (ename, ekind, did, resigned_date, mobile_contact, home_contact, office_contact) VALUES ('Jimmy Finby', 'senior', 3, '8/11/2021'::DATE, 88897753, 60235069, 62854872);
INSERT INTO employees (ename, ekind, did, resigned_date, mobile_contact, home_contact, office_contact) VALUES ('Janis Finder', 'senior', 4, NULL, 98639400, 64488661, 61682693);
INSERT INTO employees (ename, ekind, did, resigned_date, mobile_contact, home_contact, office_contact) VALUES ('Nani Vickar', 'senior', 5, NULL, 82754927, 62874691, 68062906);
INSERT INTO employees (ename, ekind, did, resigned_date, mobile_contact, home_contact, office_contact) VALUES ('Cyndi Gaspard', 'senior', 6, NULL, 81034385, 63315737, 68954518);
INSERT INTO employees (ename, ekind, did, resigned_date, mobile_contact, home_contact, office_contact) VALUES ('Sebastien Spyvye', 'senior', 7, NULL, 97916379, 64638647, 67490816);
INSERT INTO employees (ename, ekind, did, resigned_date, mobile_contact, home_contact, office_contact) VALUES ('Wye Puzey', 'senior', 8, NULL, 86353001, 61249911, 62862143);
INSERT INTO employees (ename, ekind, did, resigned_date, mobile_contact, home_contact, office_contact) VALUES ('Dane Garraway', 'senior', 9, NULL, 91485800, 64600512, 62069420);
INSERT INTO employees (ename, ekind, did, resigned_date, mobile_contact, home_contact, office_contact) VALUES ('Tedman Rawcliffe', 'junior', 0, '6/11/2021'::DATE, 92174507, 63940417, 65161479);
INSERT INTO employees (ename, ekind, did, resigned_date, mobile_contact, home_contact, office_contact) VALUES ('Jacki Livezey', 'junior', 1, NULL, NULL, NULL, NULL);
INSERT INTO employees (ename, ekind, did, resigned_date, mobile_contact, home_contact, office_contact) VALUES ('Nate Griffitt', 'junior', 2, NULL, NULL, NULL, NULL);
INSERT INTO employees (ename, ekind, did, resigned_date, mobile_contact, home_contact, office_contact) VALUES ('Egbert Pitbladdo', 'junior', 3, NULL, 91249613, 61100976, 62489773);
INSERT INTO employees (ename, ekind, did, resigned_date, mobile_contact, home_contact, office_contact) VALUES ('Ramsay Faloon', 'junior', 4, NULL, 99265932, 68308721, 65577271);
INSERT INTO employees (ename, ekind, did, resigned_date, mobile_contact, home_contact, office_contact) VALUES ('Calla Dormon', 'junior', 5, NULL, NULL, NULL, NULL);
INSERT INTO employees (ename, ekind, did, resigned_date, mobile_contact, home_contact, office_contact) VALUES ('Boonie Sloey', 'junior', 6, '3/11/2021'::DATE, 82481987, 66977726, 63123012);
INSERT INTO employees (ename, ekind, did, resigned_date, mobile_contact, home_contact, office_contact) VALUES ('Tally Roalfe', 'junior', 7, NULL, 98162544, 69422453, 63383206);
INSERT INTO employees (ename, ekind, did, resigned_date, mobile_contact, home_contact, office_contact) VALUES ('Demetria Kohrt', 'junior', 8, NULL, 95247869, 62277721, 60457080);
INSERT INTO employees (ename, ekind, did, resigned_date, mobile_contact, home_contact, office_contact) VALUES ('Brandi Graine', 'junior', 9, '2/11/2021'::DATE, 84309796, 67192061, 62082226);
    
-- booker
INSERT INTO booker (eid) VALUES (1);
INSERT INTO booker (eid) VALUES (2);
INSERT INTO booker (eid) VALUES (3);
INSERT INTO booker (eid) VALUES (4);
INSERT INTO booker (eid) VALUES (5);
INSERT INTO booker (eid) VALUES (6);
INSERT INTO booker (eid) VALUES (7);
INSERT INTO booker (eid) VALUES (8);
INSERT INTO booker (eid) VALUES (9);
INSERT INTO booker (eid) VALUES (10);
INSERT INTO booker (eid) VALUES (11);
INSERT INTO booker (eid) VALUES (12);
INSERT INTO booker (eid) VALUES (13);
INSERT INTO booker (eid) VALUES (14);
INSERT INTO booker (eid) VALUES (15);
INSERT INTO booker (eid) VALUES (16);
INSERT INTO booker (eid) VALUES (17);
INSERT INTO booker (eid) VALUES (18);
INSERT INTO booker (eid) VALUES (19);
INSERT INTO booker (eid) VALUES (20);
INSERT INTO booker (eid) VALUES (31);
INSERT INTO booker (eid) VALUES (32);
INSERT INTO booker (eid) VALUES (33);
INSERT INTO booker (eid) VALUES (34);
INSERT INTO booker (eid) VALUES (35);
INSERT INTO booker (eid) VALUES (36);
INSERT INTO booker (eid) VALUES (37);
INSERT INTO booker (eid) VALUES (38);
INSERT INTO booker (eid) VALUES (39);
INSERT INTO booker (eid) VALUES (40);
INSERT INTO booker (eid) VALUES (41);
INSERT INTO booker (eid) VALUES (42);
INSERT INTO booker (eid) VALUES (43);
INSERT INTO booker (eid) VALUES (44);
INSERT INTO booker (eid) VALUES (45);
INSERT INTO booker (eid) VALUES (46);
INSERT INTO booker (eid) VALUES (47);
INSERT INTO booker (eid) VALUES (48);
INSERT INTO booker (eid) VALUES (49);
INSERT INTO booker (eid) VALUES (50);

-- manager
INSERT INTO manager (eid) VALUES (1);
INSERT INTO manager (eid) VALUES (2);
INSERT INTO manager (eid) VALUES (3);
INSERT INTO manager (eid) VALUES (4);
INSERT INTO manager (eid) VALUES (5);
INSERT INTO manager (eid) VALUES (6);
INSERT INTO manager (eid) VALUES (7);
INSERT INTO manager (eid) VALUES (8);
INSERT INTO manager (eid) VALUES (9);
INSERT INTO manager (eid) VALUES (10);
INSERT INTO manager (eid) VALUES (31);
INSERT INTO manager (eid) VALUES (32);
INSERT INTO manager (eid) VALUES (33);
INSERT INTO manager (eid) VALUES (34);
INSERT INTO manager (eid) VALUES (35);
INSERT INTO manager (eid) VALUES (36);
INSERT INTO manager (eid) VALUES (37);
INSERT INTO manager (eid) VALUES (38);
INSERT INTO manager (eid) VALUES (39);
INSERT INTO manager (eid) VALUES (40);

-- senior
INSERT INTO senior (eid) VALUES (11);
INSERT INTO senior (eid) VALUES (12);
INSERT INTO senior (eid) VALUES (13);
INSERT INTO senior (eid) VALUES (14);
INSERT INTO senior (eid) VALUES (15);
INSERT INTO senior (eid) VALUES (16);
INSERT INTO senior (eid) VALUES (17);
INSERT INTO senior (eid) VALUES (18);
INSERT INTO senior (eid) VALUES (19);
INSERT INTO senior (eid) VALUES (20);
INSERT INTO senior (eid) VALUES (41);
INSERT INTO senior (eid) VALUES (42);
INSERT INTO senior (eid) VALUES (43);
INSERT INTO senior (eid) VALUES (44);
INSERT INTO senior (eid) VALUES (45);
INSERT INTO senior (eid) VALUES (46);
INSERT INTO senior (eid) VALUES (47);
INSERT INTO senior (eid) VALUES (48);
INSERT INTO senior (eid) VALUES (49);
INSERT INTO senior (eid) VALUES (50);

-- junior
INSERT INTO junior (eid) VALUES (21);
INSERT INTO junior (eid) VALUES (22);
INSERT INTO junior (eid) VALUES (23);
INSERT INTO junior (eid) VALUES (24);
INSERT INTO junior (eid) VALUES (25);
INSERT INTO junior (eid) VALUES (26);
INSERT INTO junior (eid) VALUES (27);
INSERT INTO junior (eid) VALUES (28);
INSERT INTO junior (eid) VALUES (29);
INSERT INTO junior (eid) VALUES (30);
INSERT INTO junior (eid) VALUES (51);
INSERT INTO junior (eid) VALUES (52);
INSERT INTO junior (eid) VALUES (53);
INSERT INTO junior (eid) VALUES (54);
INSERT INTO junior (eid) VALUES (55);
INSERT INTO junior (eid) VALUES (56);
INSERT INTO junior (eid) VALUES (57);
INSERT INTO junior (eid) VALUES (58);
INSERT INTO junior (eid) VALUES (59);
INSERT INTO junior (eid) VALUES (60);

-- meeting_rooms
INSERT INTO meeting_rooms (building_floor, room, rname, did, updated_new_cap, updated_date) VALUES (1, 1, 'ornare', 0, 10, null);
INSERT INTO meeting_rooms (building_floor, room, rname, did, updated_new_cap, updated_date) VALUES (1, 2, 'vestibulum', 1, 8, '28/10/2021');
INSERT INTO meeting_rooms (building_floor, room, rname, did, updated_new_cap, updated_date) VALUES (1, 3, 'donec ut', 2, 8, null);
INSERT INTO meeting_rooms (building_floor, room, rname, did, updated_new_cap, updated_date) VALUES (1, 4, 'platea', 3, 2, '1/11/2021');
INSERT INTO meeting_rooms (building_floor, room, rname, did, updated_new_cap, updated_date) VALUES (2, 1, 'ornare', 4, 50, null); --     same room name
INSERT INTO meeting_rooms (building_floor, room, rname, did, updated_new_cap, updated_date) VALUES (2, 2, 'magna at nunc', 5, 2, null);
INSERT INTO meeting_rooms (building_floor, room, rname, did, updated_new_cap, updated_date) VALUES (2, 3, 'curabitur', 6, 5, null);
INSERT INTO meeting_rooms (building_floor, room, rname, did, updated_new_cap, updated_date) VALUES (2, 4, 'ante nulla justo', 7, 50, '31/10/2021');
INSERT INTO meeting_rooms (building_floor, room, rname, did, updated_new_cap, updated_date) VALUES (3, 1, 'sit amet diam', 8, 2, null);
INSERT INTO meeting_rooms (building_floor, room, rname, did, updated_new_cap, updated_date) VALUES (3, 2, 'ac diam', 9, 5, '28/10/2021');
INSERT INTO meeting_rooms (building_floor, room, rname, did, updated_new_cap, updated_date) VALUES (3, 3, 'sociis natoque', 0, 5, '31/10/2021');
INSERT INTO meeting_rooms (building_floor, room, rname, did, updated_new_cap, updated_date) VALUES (3, 4, 'ullamcorper purus sit', 1, 50, null);

-- meeting sessions
-- past meeting sessions
INSERT INTO meeting_sessions (building_floor, room, session_date, session_time, booker_id, endorser_id) VALUES (2, 3, '1/11/2021'::DATE, '11:00'::TIME, 10, 7); -- 5
INSERT INTO meeting_sessions (building_floor, room, session_date, session_time, booker_id, endorser_id) VALUES (2, 1, '3/11/2021'::DATE, '11:00'::TIME, 3, 5); -- 50
INSERT INTO meeting_sessions (building_floor, room, session_date, session_time, booker_id, endorser_id) VALUES (3, 1, '2/11/2021'::DATE, '10:00'::TIME, 2, 39); -- 2
INSERT INTO meeting_sessions (building_floor, room, session_date, session_time, booker_id, endorser_id) VALUES (3, 3, '3/11/2021'::DATE, '17:00'::TIME, 16, 1); -- 5
INSERT INTO meeting_sessions (building_floor, room, session_date, session_time, booker_id, endorser_id) VALUES (1, 3, '7/11/2021'::DATE, '15:00'::TIME, 46, 3); -- 8
INSERT INTO meeting_sessions (building_floor, room, session_date, session_time, booker_id, endorser_id) VALUES (3, 3, '4/11/2021'::DATE, '17:00'::TIME, 39, 31); -- 5
INSERT INTO meeting_sessions (building_floor, room, session_date, session_time, booker_id, endorser_id) VALUES (2, 1, '3/11/2021'::DATE, '12:00'::TIME, 39, 35); -- 50

INSERT INTO meeting_sessions (building_floor, room, session_date, session_time, booker_id, endorser_id) VALUES (2, 1, '8/11/2021'::DATE, '9:00'::TIME, 14, 5); -- 50, 3h meeting
INSERT INTO meeting_sessions (building_floor, room, session_date, session_time, booker_id, endorser_id) VALUES (2, 1, '8/11/2021'::DATE, '10:00'::TIME, 14, 5);
INSERT INTO meeting_sessions (building_floor, room, session_date, session_time, booker_id, endorser_id) VALUES (2, 1, '8/11/2021'::DATE, '11:00'::TIME, 14, 5); 

INSERT INTO meeting_sessions (building_floor, room, session_date, session_time, booker_id, endorser_id) VALUES (2, 1, '2/11/2021'::DATE, '17:00'::TIME, 41, 35); -- 50
INSERT INTO meeting_sessions (building_floor, room, session_date, session_time, booker_id, endorser_id) VALUES (3, 1, '4/11/2021'::DATE, '18:00'::TIME, 5, 9); -- 2
-- future meeting sessions
INSERT INTO meeting_sessions (building_floor, room, session_date, session_time, booker_id, endorser_id) VALUES (1, 1, '15/11/2021'::DATE, '15:00'::TIME, 46, null); -- 10
INSERT INTO meeting_sessions (building_floor, room, session_date, session_time, booker_id, endorser_id) VALUES (1, 1, '19/11/2021'::DATE, '13:00'::TIME, 12, 31); -- 10
INSERT INTO meeting_sessions (building_floor, room, session_date, session_time, booker_id, endorser_id) VALUES (2, 3, '17/11/2021'::DATE, '12:00'::TIME, 6, 7); -- 5
INSERT INTO meeting_sessions (building_floor, room, session_date, session_time, booker_id, endorser_id) VALUES (3, 1, '23/11/2021'::DATE, '12:00'::TIME, 10, null); -- 2
INSERT INTO meeting_sessions (building_floor, room, session_date, session_time, booker_id, endorser_id) VALUES (3, 4, '13/11/2021'::DATE, '14:00'::TIME, 7, 32); -- 50
INSERT INTO meeting_sessions (building_floor, room, session_date, session_time, booker_id, endorser_id) VALUES (3, 4, '12/11/2021'::DATE, '16:00'::TIME, 14, null); -- 50

INSERT INTO meeting_sessions (building_floor, room, session_date, session_time, booker_id, endorser_id) VALUES (3, 4, '17/11/2021'::DATE, '16:00'::TIME, 2, 2); -- 50, 2h meeting
INSERT INTO meeting_sessions (building_floor, room, session_date, session_time, booker_id, endorser_id) VALUES (3, 4, '17/11/2021'::DATE, '17:00'::TIME, 2, 2); 
INSERT INTO meeting_sessions (building_floor, room, session_date, session_time, booker_id, endorser_id) VALUES (1, 1, '17/11/2021'::DATE, '16:00'::TIME, 10, 2); -- 50, 2h meeting
INSERT INTO meeting_sessions (building_floor, room, session_date, session_time, booker_id, endorser_id) VALUES (1, 1, '17/11/2021'::DATE, '17:00'::TIME, 10, 2); 

INSERT INTO meeting_sessions (building_floor, room, session_date, session_time, booker_id, endorser_id) VALUES (1, 1, '16/11/2021'::DATE, '12:00'::TIME, 45, null); -- 10
INSERT INTO meeting_sessions (building_floor, room, session_date, session_time, booker_id, endorser_id) VALUES (2, 4, '11/11/2021'::DATE, '12:00'::TIME, 17, null); -- 50
INSERT INTO meeting_sessions (building_floor, room, session_date, session_time, booker_id, endorser_id) VALUES (3, 1, '13/11/2021'::DATE, '8:00'::TIME, 12, 39); -- 2

-- joins
-- past joins
INSERT INTO joins (eid, building_floor, room, session_date, session_time) VALUES (10, 2, 3, '1/11/2021'::DATE, '11:00'::TIME);
INSERT INTO joins (eid, building_floor, room, session_date, session_time) VALUES (29, 2, 3, '1/11/2021'::DATE, '11:00'::TIME);
INSERT INTO joins (eid, building_floor, room, session_date, session_time) VALUES (22, 2, 3, '1/11/2021'::DATE, '11:00'::TIME);
INSERT INTO joins (eid, building_floor, room, session_date, session_time) VALUES (38, 2, 3, '1/11/2021'::DATE, '11:00'::TIME);

INSERT INTO joins (eid, building_floor, room, session_date, session_time) VALUES (3, 2, 1, '3/11/2021'::DATE, '11:00'::TIME);
INSERT INTO joins (eid, building_floor, room, session_date, session_time) VALUES (4, 2, 1, '3/11/2021'::DATE, '11:00'::TIME);
INSERT INTO joins (eid, building_floor, room, session_date, session_time) VALUES (49, 2, 1, '3/11/2021'::DATE, '11:00'::TIME);

INSERT INTO joins (eid, building_floor, room, session_date, session_time) VALUES (2, 3, 1, '2/11/2021'::DATE, '10:00'::TIME);
INSERT INTO joins (eid, building_floor, room, session_date, session_time) VALUES (32, 3, 1, '2/11/2021'::DATE, '10:00'::TIME);

INSERT INTO joins (eid, building_floor, room, session_date, session_time) VALUES (16, 3, 3, '3/11/2021'::DATE, '17:00'::TIME);
INSERT INTO joins (eid, building_floor, room, session_date, session_time) VALUES (60, 3, 3, '3/11/2021'::DATE, '17:00'::TIME);
INSERT INTO joins (eid, building_floor, room, session_date, session_time) VALUES (40, 3, 3, '3/11/2021'::DATE, '17:00'::TIME);
INSERT INTO joins (eid, building_floor, room, session_date, session_time) VALUES (51, 3, 3, '3/11/2021'::DATE, '17:00'::TIME);
INSERT INTO joins (eid, building_floor, room, session_date, session_time) VALUES (26, 3, 3, '3/11/2021'::DATE, '17:00'::TIME);

INSERT INTO joins (eid, building_floor, room, session_date, session_time) VALUES (46, 1, 3, '7/11/2021'::DATE, '15:00'::TIME);
INSERT INTO joins (eid, building_floor, room, session_date, session_time) VALUES (53, 1, 3, '7/11/2021'::DATE, '15:00'::TIME);
INSERT INTO joins (eid, building_floor, room, session_date, session_time) VALUES (22, 1, 3, '7/11/2021'::DATE, '15:00'::TIME);
INSERT INTO joins (eid, building_floor, room, session_date, session_time) VALUES (6, 1, 3, '7/11/2021'::DATE, '15:00'::TIME);
INSERT INTO joins (eid, building_floor, room, session_date, session_time) VALUES (29, 1, 3, '7/11/2021'::DATE, '15:00'::TIME);
INSERT INTO joins (eid, building_floor, room, session_date, session_time) VALUES (58, 1, 3, '7/11/2021'::DATE, '15:00'::TIME);

INSERT INTO joins (eid, building_floor, room, session_date, session_time) VALUES (39, 3, 3, '4/11/2021'::DATE, '17:00'::TIME);
INSERT INTO joins (eid, building_floor, room, session_date, session_time) VALUES (2, 3, 3, '4/11/2021'::DATE, '17:00'::TIME);
INSERT INTO joins (eid, building_floor, room, session_date, session_time) VALUES (36, 3, 3, '4/11/2021'::DATE, '17:00'::TIME);
INSERT INTO joins (eid, building_floor, room, session_date, session_time) VALUES (55, 3, 3, '4/11/2021'::DATE, '17:00'::TIME);

INSERT INTO joins (eid, building_floor, room, session_date, session_time) VALUES (39, 2, 1, '3/11/2021'::DATE, '12:00'::TIME);
INSERT INTO joins (eid, building_floor, room, session_date, session_time) VALUES (18, 2, 1, '3/11/2021'::DATE, '12:00'::TIME);
INSERT INTO joins (eid, building_floor, room, session_date, session_time) VALUES (49, 2, 1, '3/11/2021'::DATE, '12:00'::TIME);

INSERT INTO joins (eid, building_floor, room, session_date, session_time) VALUES (14, 2, 1, '8/11/2021'::DATE, '9:00'::TIME);
INSERT INTO joins (eid, building_floor, room, session_date, session_time) VALUES (14, 2, 1, '8/11/2021'::DATE, '10:00'::TIME);
INSERT INTO joins (eid, building_floor, room, session_date, session_time) VALUES (14, 2, 1, '8/11/2021'::DATE, '11:00'::TIME);
INSERT INTO joins (eid, building_floor, room, session_date, session_time) VALUES (20, 2, 1, '8/11/2021'::DATE, '9:00'::TIME);
INSERT INTO joins (eid, building_floor, room, session_date, session_time) VALUES (20, 2, 1, '8/11/2021'::DATE, '10:00'::TIME);
INSERT INTO joins (eid, building_floor, room, session_date, session_time) VALUES (20, 2, 1, '8/11/2021'::DATE, '11:00'::TIME);
INSERT INTO joins (eid, building_floor, room, session_date, session_time) VALUES (39, 2, 1, '8/11/2021'::DATE, '9:00'::TIME);
INSERT INTO joins (eid, building_floor, room, session_date, session_time) VALUES (39, 2, 1, '8/11/2021'::DATE, '10:00'::TIME);
INSERT INTO joins (eid, building_floor, room, session_date, session_time) VALUES (39, 2, 1, '8/11/2021'::DATE, '11:00'::TIME);
INSERT INTO joins (eid, building_floor, room, session_date, session_time) VALUES (43, 2, 1, '8/11/2021'::DATE, '9:00'::TIME);
INSERT INTO joins (eid, building_floor, room, session_date, session_time) VALUES (43, 2, 1, '8/11/2021'::DATE, '10:00'::TIME);
INSERT INTO joins (eid, building_floor, room, session_date, session_time) VALUES (43, 2, 1, '8/11/2021'::DATE, '11:00'::TIME);
INSERT INTO joins (eid, building_floor, room, session_date, session_time) VALUES (3, 2, 1, '8/11/2021'::DATE, '9:00'::TIME);
INSERT INTO joins (eid, building_floor, room, session_date, session_time) VALUES (3, 2, 1, '8/11/2021'::DATE, '10:00'::TIME);
INSERT INTO joins (eid, building_floor, room, session_date, session_time) VALUES (3, 2, 1, '8/11/2021'::DATE, '11:00'::TIME);

INSERT INTO joins (eid, building_floor, room, session_date, session_time) VALUES (41, 2, 1, '2/11/2021'::DATE, '17:00'::TIME);
INSERT INTO joins (eid, building_floor, room, session_date, session_time) VALUES (10, 2, 1, '2/11/2021'::DATE, '17:00'::TIME);
INSERT INTO joins (eid, building_floor, room, session_date, session_time) VALUES (32, 2, 1, '2/11/2021'::DATE, '17:00'::TIME);
INSERT INTO joins (eid, building_floor, room, session_date, session_time) VALUES (16, 2, 1, '2/11/2021'::DATE, '17:00'::TIME);
INSERT INTO joins (eid, building_floor, room, session_date, session_time) VALUES (49, 2, 1, '2/11/2021'::DATE, '17:00'::TIME);
INSERT INTO joins (eid, building_floor, room, session_date, session_time) VALUES (36, 2, 1, '2/11/2021'::DATE, '17:00'::TIME);

INSERT INTO joins (eid, building_floor, room, session_date, session_time) VALUES (5, 3, 1, '4/11/2021'::DATE, '18:00'::TIME);
INSERT INTO joins (eid, building_floor, room, session_date, session_time) VALUES (46, 3, 1, '4/11/2021'::DATE, '18:00'::TIME);

-- future joins
INSERT INTO joins (eid, building_floor, room, session_date, session_time) VALUES (29, 1, 1, '15/11/2021'::DATE, '15:00'::TIME);
INSERT INTO joins (eid, building_floor, room, session_date, session_time) VALUES (3, 1, 1, '15/11/2021'::DATE, '15:00'::TIME);

INSERT INTO joins (eid, building_floor, room, session_date, session_time) VALUES (12, 1, 1, '19/11/2021'::DATE, '13:00'::TIME);

INSERT INTO joins (eid, building_floor, room, session_date, session_time) VALUES (6, 2, 3, '17/11/2021'::DATE, '12:00'::TIME);

INSERT INTO joins (eid, building_floor, room, session_date, session_time) VALUES (10, 3, 1, '23/11/2021'::DATE, '12:00'::TIME);
INSERT INTO joins (eid, building_floor, room, session_date, session_time) VALUES (39, 3, 1, '23/11/2021'::DATE, '12:00'::TIME);

INSERT INTO joins (eid, building_floor, room, session_date, session_time) VALUES (7, 3, 4, '13/11/2021'::DATE, '14:00'::TIME);
INSERT INTO joins (eid, building_floor, room, session_date, session_time) VALUES (52, 3, 4, '13/11/2021'::DATE, '14:00'::TIME);
INSERT INTO joins (eid, building_floor, room, session_date, session_time) VALUES (29, 3, 4, '13/11/2021'::DATE, '14:00'::TIME);
INSERT INTO joins (eid, building_floor, room, session_date, session_time) VALUES (3, 3, 4, '13/11/2021'::DATE, '14:00'::TIME);
INSERT INTO joins (eid, building_floor, room, session_date, session_time) VALUES (4, 3, 4, '13/11/2021'::DATE, '14:00'::TIME);
INSERT INTO joins (eid, building_floor, room, session_date, session_time) VALUES (59, 3, 4, '13/11/2021'::DATE, '14:00'::TIME);

INSERT INTO joins (eid, building_floor, room, session_date, session_time) VALUES (14, 3, 4, '12/11/2021'::DATE, '16:00'::TIME);

INSERT INTO joins (eid, building_floor, room, session_date, session_time) VALUES (2, 3, 4, '17/11/2021'::DATE, '16:00'::TIME);
INSERT INTO joins (eid, building_floor, room, session_date, session_time) VALUES (2, 3, 4, '17/11/2021'::DATE, '17:00'::TIME);
INSERT INTO joins (eid, building_floor, room, session_date, session_time) VALUES (10, 1, 1, '17/11/2021'::DATE, '16:00'::TIME);
INSERT INTO joins (eid, building_floor, room, session_date, session_time) VALUES (10, 1, 1, '17/11/2021'::DATE, '17:00'::TIME);
INSERT INTO joins (eid, building_floor, room, session_date, session_time) VALUES (40, 3, 4, '17/11/2021'::DATE, '16:00'::TIME); -- emp 40 partially joins
INSERT INTO joins (eid, building_floor, room, session_date, session_time) VALUES (40, 1, 1, '17/11/2021'::DATE, '17:00'::TIME); -- emp 40 partially joins

INSERT INTO joins (eid, building_floor, room, session_date, session_time) VALUES (45, 1, 1, '16/11/2021'::DATE, '12:00'::TIME);

INSERT INTO joins (eid, building_floor, room, session_date, session_time) VALUES (17, 2, 4, '11/11/2021'::DATE, '12:00'::TIME);
INSERT INTO joins (eid, building_floor, room, session_date, session_time) VALUES (40, 2, 4, '11/11/2021'::DATE, '12:00'::TIME);

INSERT INTO joins (eid, building_floor, room, session_date, session_time) VALUES (12, 3, 1, '13/11/2021'::DATE, '8:00'::TIME);

-- health declarations
INSERT INTO health_declaration (eid, declaration_date, temperature) VALUES (1, '6/11/2021'::DATE, 37.1);
INSERT INTO health_declaration (eid, declaration_date, temperature) VALUES (1, '7/11/2021'::DATE, 37.1);
INSERT INTO health_declaration (eid, declaration_date, temperature) VALUES (1, '8/11/2021'::DATE, 37.2);
INSERT INTO health_declaration (eid, declaration_date, temperature) VALUES (2, '6/11/2021'::DATE, 36.3);
-- INSERT INTO health_declaration (eid, declaration_date, temperature) VALUES (2, '7/11/2021'::DATE, 36.8);
INSERT INTO health_declaration (eid, declaration_date, temperature) VALUES (2, '8/11/2021'::DATE, 37.1);
INSERT INTO health_declaration (eid, declaration_date, temperature) VALUES (3, '6/11/2021'::DATE, 37.3);
INSERT INTO health_declaration (eid, declaration_date, temperature) VALUES (3, '7/11/2021'::DATE, 36.9);
INSERT INTO health_declaration (eid, declaration_date, temperature) VALUES (3, '8/11/2021'::DATE, 37.2);
INSERT INTO health_declaration (eid, declaration_date, temperature) VALUES (4, '6/11/2021'::DATE, 36.5);
INSERT INTO health_declaration (eid, declaration_date, temperature) VALUES (4, '7/11/2021'::DATE, 36.7);
INSERT INTO health_declaration (eid, declaration_date, temperature) VALUES (4, '8/11/2021'::DATE, 37.1);
INSERT INTO health_declaration (eid, declaration_date, temperature) VALUES (5, '6/11/2021'::DATE, 35.5);
INSERT INTO health_declaration (eid, declaration_date, temperature) VALUES (5, '7/11/2021'::DATE, 36.9);
INSERT INTO health_declaration (eid, declaration_date, temperature) VALUES (5, '8/11/2021'::DATE, 36.5);
INSERT INTO health_declaration (eid, declaration_date, temperature) VALUES (6, '6/11/2021'::DATE, 37.2);
INSERT INTO health_declaration (eid, declaration_date, temperature) VALUES (6, '7/11/2021'::DATE, 36.5);
INSERT INTO health_declaration (eid, declaration_date, temperature) VALUES (6, '8/11/2021'::DATE, 36.7);
INSERT INTO health_declaration (eid, declaration_date, temperature) VALUES (7, '6/11/2021'::DATE, 36.3);
INSERT INTO health_declaration (eid, declaration_date, temperature) VALUES (7, '7/11/2021'::DATE, 36.9);
INSERT INTO health_declaration (eid, declaration_date, temperature) VALUES (7, '8/11/2021'::DATE, 37.1);
INSERT INTO health_declaration (eid, declaration_date, temperature) VALUES (8, '6/11/2021'::DATE, 37.2);
INSERT INTO health_declaration (eid, declaration_date, temperature) VALUES (8, '7/11/2021'::DATE, 36.2);
INSERT INTO health_declaration (eid, declaration_date, temperature) VALUES (8, '8/11/2021'::DATE, 37.0);
-- INSERT INTO health_declaration (eid, declaration_date, temperature) VALUES (9, '6/11/2021'::DATE, 36.7); -- 9 resigned on 3/11/2021
-- INSERT INTO health_declaration (eid, declaration_date, temperature) VALUES (9, '7/11/2021'::DATE, 37.0);
-- INSERT INTO health_declaration (eid, declaration_date, temperature) VALUES (9, '8/11/2021'::DATE, 36.6);
INSERT INTO health_declaration (eid, declaration_date, temperature) VALUES (10, '6/11/2021'::DATE, 36.5);
INSERT INTO health_declaration (eid, declaration_date, temperature) VALUES (10, '7/11/2021'::DATE, 36.2);
INSERT INTO health_declaration (eid, declaration_date, temperature) VALUES (10, '8/11/2021'::DATE, 37.4);
INSERT INTO health_declaration (eid, declaration_date, temperature) VALUES (11, '6/11/2021'::DATE, 36.4);
INSERT INTO health_declaration (eid, declaration_date, temperature) VALUES (11, '7/11/2021'::DATE, 36.3);
INSERT INTO health_declaration (eid, declaration_date, temperature) VALUES (11, '8/11/2021'::DATE, 36.5);
INSERT INTO health_declaration (eid, declaration_date, temperature) VALUES (12, '6/11/2021'::DATE, 37.1);
INSERT INTO health_declaration (eid, declaration_date, temperature) VALUES (12, '7/11/2021'::DATE, 36.4);
INSERT INTO health_declaration (eid, declaration_date, temperature) VALUES (12, '8/11/2021'::DATE, 36.4);
-- INSERT INTO health_declaration (eid, declaration_date, temperature) VALUES (13, '6/11/2021'::DATE, 36.9); -- 13 resigned on 4/11/2021
-- INSERT INTO health_declaration (eid, declaration_date, temperature) VALUES (13, '7/11/2021'::DATE, 36.6);
-- INSERT INTO health_declaration (eid, declaration_date, temperature) VALUES (13, '8/11/2021'::DATE, 36.8);
INSERT INTO health_declaration (eid, declaration_date, temperature) VALUES (14, '6/11/2021'::DATE, 36.4);
INSERT INTO health_declaration (eid, declaration_date, temperature) VALUES (14, '7/11/2021'::DATE, 36.9);
INSERT INTO health_declaration (eid, declaration_date, temperature) VALUES (14, '8/11/2021'::DATE, 36.6);
INSERT INTO health_declaration (eid, declaration_date, temperature) VALUES (15, '6/11/2021'::DATE, 36.4);
INSERT INTO health_declaration (eid, declaration_date, temperature) VALUES (15, '7/11/2021'::DATE, 37.6); -- fever
INSERT INTO health_declaration (eid, declaration_date, temperature) VALUES (15, '8/11/2021'::DATE, 36.7);
INSERT INTO health_declaration (eid, declaration_date, temperature) VALUES (16, '6/11/2021'::DATE, 36.7);
INSERT INTO health_declaration (eid, declaration_date, temperature) VALUES (16, '7/11/2021'::DATE, 36.9);
INSERT INTO health_declaration (eid, declaration_date, temperature) VALUES (16, '8/11/2021'::DATE, 37.0);
INSERT INTO health_declaration (eid, declaration_date, temperature) VALUES (17, '6/11/2021'::DATE, 36.8);
INSERT INTO health_declaration (eid, declaration_date, temperature) VALUES (17, '7/11/2021'::DATE, 37.6); -- fever
INSERT INTO health_declaration (eid, declaration_date, temperature) VALUES (17, '8/11/2021'::DATE, 36.2);
INSERT INTO health_declaration (eid, declaration_date, temperature) VALUES (18, '6/11/2021'::DATE, 36.8);
INSERT INTO health_declaration (eid, declaration_date, temperature) VALUES (18, '7/11/2021'::DATE, 36.8);
INSERT INTO health_declaration (eid, declaration_date, temperature) VALUES (18, '8/11/2021'::DATE, 36.7);
INSERT INTO health_declaration (eid, declaration_date, temperature) VALUES (19, '6/11/2021'::DATE, 36.1);
INSERT INTO health_declaration (eid, declaration_date, temperature) VALUES (19, '7/11/2021'::DATE, 36.1);
INSERT INTO health_declaration (eid, declaration_date, temperature) VALUES (19, '8/11/2021'::DATE, 37.4);
INSERT INTO health_declaration (eid, declaration_date, temperature) VALUES (20, '6/11/2021'::DATE, 36.1);
INSERT INTO health_declaration (eid, declaration_date, temperature) VALUES (20, '7/11/2021'::DATE, 37.1);
INSERT INTO health_declaration (eid, declaration_date, temperature) VALUES (20, '8/11/2021'::DATE, 36.6);
INSERT INTO health_declaration (eid, declaration_date, temperature) VALUES (21, '6/11/2021'::DATE, 36.7);
INSERT INTO health_declaration (eid, declaration_date, temperature) VALUES (21, '7/11/2021'::DATE, 36.2);
INSERT INTO health_declaration (eid, declaration_date, temperature) VALUES (21, '8/11/2021'::DATE, 37.1);
INSERT INTO health_declaration (eid, declaration_date, temperature) VALUES (22, '6/11/2021'::DATE, 37.1);
INSERT INTO health_declaration (eid, declaration_date, temperature) VALUES (22, '7/11/2021'::DATE, 37.2);
INSERT INTO health_declaration (eid, declaration_date, temperature) VALUES (22, '8/11/2021'::DATE, 36.7);
INSERT INTO health_declaration (eid, declaration_date, temperature) VALUES (23, '6/11/2021'::DATE, 37.1);
INSERT INTO health_declaration (eid, declaration_date, temperature) VALUES (23, '7/11/2021'::DATE, 35.7);
INSERT INTO health_declaration (eid, declaration_date, temperature) VALUES (23, '8/11/2021'::DATE, 36.4);
INSERT INTO health_declaration (eid, declaration_date, temperature) VALUES (24, '6/11/2021'::DATE, 36.9);
INSERT INTO health_declaration (eid, declaration_date, temperature) VALUES (24, '7/11/2021'::DATE, 36.4);
INSERT INTO health_declaration (eid, declaration_date, temperature) VALUES (24, '8/11/2021'::DATE, 36.5);
INSERT INTO health_declaration (eid, declaration_date, temperature) VALUES (25, '6/11/2021'::DATE, 36.9);
INSERT INTO health_declaration (eid, declaration_date, temperature) VALUES (25, '7/11/2021'::DATE, 37.1);
INSERT INTO health_declaration (eid, declaration_date, temperature) VALUES (25, '8/11/2021'::DATE, 35.7);
INSERT INTO health_declaration (eid, declaration_date, temperature) VALUES (26, '6/11/2021'::DATE, 37.3);
INSERT INTO health_declaration (eid, declaration_date, temperature) VALUES (26, '7/11/2021'::DATE, 37.6); -- fever
INSERT INTO health_declaration (eid, declaration_date, temperature) VALUES (26, '8/11/2021'::DATE, 36.6);
INSERT INTO health_declaration (eid, declaration_date, temperature) VALUES (27, '6/11/2021'::DATE, 36.4);
INSERT INTO health_declaration (eid, declaration_date, temperature) VALUES (27, '7/11/2021'::DATE, 36.4);
INSERT INTO health_declaration (eid, declaration_date, temperature) VALUES (27, '8/11/2021'::DATE, 36.6);
INSERT INTO health_declaration (eid, declaration_date, temperature) VALUES (28, '6/11/2021'::DATE, 36.7);
INSERT INTO health_declaration (eid, declaration_date, temperature) VALUES (28, '7/11/2021'::DATE, 37.0);
INSERT INTO health_declaration (eid, declaration_date, temperature) VALUES (28, '8/11/2021'::DATE, 36.5);
INSERT INTO health_declaration (eid, declaration_date, temperature) VALUES (29, '6/11/2021'::DATE, 36.9);
INSERT INTO health_declaration (eid, declaration_date, temperature) VALUES (29, '7/11/2021'::DATE, 36.1);
INSERT INTO health_declaration (eid, declaration_date, temperature) VALUES (29, '8/11/2021'::DATE, 36.8);
INSERT INTO health_declaration (eid, declaration_date, temperature) VALUES (30, '6/11/2021'::DATE, 36.0);
INSERT INTO health_declaration (eid, declaration_date, temperature) VALUES (30, '7/11/2021'::DATE, 36.5);
INSERT INTO health_declaration (eid, declaration_date, temperature) VALUES (30, '8/11/2021'::DATE, 37.5);
INSERT INTO health_declaration (eid, declaration_date, temperature) VALUES (31, '6/11/2021'::DATE, 37.5);
INSERT INTO health_declaration (eid, declaration_date, temperature) VALUES (31, '7/11/2021'::DATE, 36.9);
INSERT INTO health_declaration (eid, declaration_date, temperature) VALUES (31, '8/11/2021'::DATE, 36.5);
INSERT INTO health_declaration (eid, declaration_date, temperature) VALUES (32, '6/11/2021'::DATE, 35.9);
INSERT INTO health_declaration (eid, declaration_date, temperature) VALUES (32, '7/11/2021'::DATE, 37.4);
INSERT INTO health_declaration (eid, declaration_date, temperature) VALUES (32, '8/11/2021'::DATE, 36.7);
INSERT INTO health_declaration (eid, declaration_date, temperature) VALUES (33, '6/11/2021'::DATE, 36.6);
INSERT INTO health_declaration (eid, declaration_date, temperature) VALUES (33, '7/11/2021'::DATE, 36.8);
INSERT INTO health_declaration (eid, declaration_date, temperature) VALUES (33, '8/11/2021'::DATE, 35.9);
INSERT INTO health_declaration (eid, declaration_date, temperature) VALUES (34, '6/11/2021'::DATE, 37.4);
INSERT INTO health_declaration (eid, declaration_date, temperature) VALUES (34, '7/11/2021'::DATE, 36.9);
INSERT INTO health_declaration (eid, declaration_date, temperature) VALUES (34, '8/11/2021'::DATE, 36.1);
INSERT INTO health_declaration (eid, declaration_date, temperature) VALUES (35, '6/11/2021'::DATE, 36.8);
INSERT INTO health_declaration (eid, declaration_date, temperature) VALUES (35, '7/11/2021'::DATE, 37.0);
INSERT INTO health_declaration (eid, declaration_date, temperature) VALUES (35, '8/11/2021'::DATE, 37.1);
INSERT INTO health_declaration (eid, declaration_date, temperature) VALUES (36, '6/11/2021'::DATE, 36.8);
INSERT INTO health_declaration (eid, declaration_date, temperature) VALUES (36, '7/11/2021'::DATE, 36.6);
INSERT INTO health_declaration (eid, declaration_date, temperature) VALUES (36, '8/11/2021'::DATE, 37.0);
-- INSERT INTO health_declaration (eid, declaration_date, temperature) VALUES (37, '6/11/2021'::DATE, 36.0); -- 37 resigned on 2/11/2021
-- INSERT INTO health_declaration (eid, declaration_date, temperature) VALUES (37, '7/11/2021'::DATE, 36.9);
-- INSERT INTO health_declaration (eid, declaration_date, temperature) VALUES (37, '8/11/2021'::DATE, 37.4);
INSERT INTO health_declaration (eid, declaration_date, temperature) VALUES (38, '6/11/2021'::DATE, 37.3);
INSERT INTO health_declaration (eid, declaration_date, temperature) VALUES (38, '7/11/2021'::DATE, 36.4);
INSERT INTO health_declaration (eid, declaration_date, temperature) VALUES (38, '8/11/2021'::DATE, 37.1);
INSERT INTO health_declaration (eid, declaration_date, temperature) VALUES (39, '6/11/2021'::DATE, 36.7);
INSERT INTO health_declaration (eid, declaration_date, temperature) VALUES (39, '7/11/2021'::DATE, 36.6);
INSERT INTO health_declaration (eid, declaration_date, temperature) VALUES (39, '8/11/2021'::DATE, 37.1);
INSERT INTO health_declaration (eid, declaration_date, temperature) VALUES (40, '6/11/2021'::DATE, 36.4);
INSERT INTO health_declaration (eid, declaration_date, temperature) VALUES (40, '7/11/2021'::DATE, 37.1);
INSERT INTO health_declaration (eid, declaration_date, temperature) VALUES (40, '8/11/2021'::DATE, 36.8);
INSERT INTO health_declaration (eid, declaration_date, temperature) VALUES (41, '6/11/2021'::DATE, 36.7);
INSERT INTO health_declaration (eid, declaration_date, temperature) VALUES (41, '7/11/2021'::DATE, 36.9);
INSERT INTO health_declaration (eid, declaration_date, temperature) VALUES (41, '8/11/2021'::DATE, 36.9);
INSERT INTO health_declaration (eid, declaration_date, temperature) VALUES (42, '6/11/2021'::DATE, 37.4);
INSERT INTO health_declaration (eid, declaration_date, temperature) VALUES (42, '7/11/2021'::DATE, 36.9);
INSERT INTO health_declaration (eid, declaration_date, temperature) VALUES (42, '8/11/2021'::DATE, 36.7);
INSERT INTO health_declaration (eid, declaration_date, temperature) VALUES (43, '6/11/2021'::DATE, 36.1);
INSERT INTO health_declaration (eid, declaration_date, temperature) VALUES (43, '7/11/2021'::DATE, 36.8);
INSERT INTO health_declaration (eid, declaration_date, temperature) VALUES (43, '8/11/2021'::DATE, 36.3);
INSERT INTO health_declaration (eid, declaration_date, temperature) VALUES (44, '6/11/2021'::DATE, 36.8);
INSERT INTO health_declaration (eid, declaration_date, temperature) VALUES (44, '7/11/2021'::DATE, 36.6);
-- INSERT INTO health_declaration (eid, declaration_date, temperature) VALUES (44, '8/11/2021'::DATE, 37.1); -- 44 resigned on 8/11/2021
INSERT INTO health_declaration (eid, declaration_date, temperature) VALUES (45, '6/11/2021'::DATE, 37.4);
INSERT INTO health_declaration (eid, declaration_date, temperature) VALUES (45, '7/11/2021'::DATE, 36.7);
INSERT INTO health_declaration (eid, declaration_date, temperature) VALUES (45, '8/11/2021'::DATE, 36.6);
INSERT INTO health_declaration (eid, declaration_date, temperature) VALUES (46, '6/11/2021'::DATE, 36.8);
INSERT INTO health_declaration (eid, declaration_date, temperature) VALUES (46, '7/11/2021'::DATE, 36.8);
INSERT INTO health_declaration (eid, declaration_date, temperature) VALUES (46, '8/11/2021'::DATE, 36.8);
INSERT INTO health_declaration (eid, declaration_date, temperature) VALUES (47, '6/11/2021'::DATE, 36.5);
INSERT INTO health_declaration (eid, declaration_date, temperature) VALUES (47, '7/11/2021'::DATE, 36.6);
INSERT INTO health_declaration (eid, declaration_date, temperature) VALUES (47, '8/11/2021'::DATE, 36.7);
INSERT INTO health_declaration (eid, declaration_date, temperature) VALUES (48, '6/11/2021'::DATE, 36.5);
INSERT INTO health_declaration (eid, declaration_date, temperature) VALUES (48, '7/11/2021'::DATE, 37.1);
INSERT INTO health_declaration (eid, declaration_date, temperature) VALUES (48, '8/11/2021'::DATE, 36.8);
INSERT INTO health_declaration (eid, declaration_date, temperature) VALUES (49, '6/11/2021'::DATE, 37.1);
INSERT INTO health_declaration (eid, declaration_date, temperature) VALUES (49, '7/11/2021'::DATE, 36.6);
INSERT INTO health_declaration (eid, declaration_date, temperature) VALUES (49, '8/11/2021'::DATE, 37.2);
INSERT INTO health_declaration (eid, declaration_date, temperature) VALUES (50, '6/11/2021'::DATE, 37.7); -- fever
INSERT INTO health_declaration (eid, declaration_date, temperature) VALUES (50, '7/11/2021'::DATE, 37.3);
INSERT INTO health_declaration (eid, declaration_date, temperature) VALUES (50, '8/11/2021'::DATE, 37.1);
-- INSERT INTO health_declaration (eid, declaration_date, temperature) VALUES (51, '6/11/2021'::DATE, 36.9); -- 51 resigned on 6/11/2021
-- INSERT INTO health_declaration (eid, declaration_date, temperature) VALUES (51, '7/11/2021'::DATE, 36.9);
-- INSERT INTO health_declaration (eid, declaration_date, temperature) VALUES (51, '8/11/2021'::DATE, 36.5);
INSERT INTO health_declaration (eid, declaration_date, temperature) VALUES (52, '6/11/2021'::DATE, 36.5);
INSERT INTO health_declaration (eid, declaration_date, temperature) VALUES (52, '7/11/2021'::DATE, 36.5);
INSERT INTO health_declaration (eid, declaration_date, temperature) VALUES (52, '8/11/2021'::DATE, 37.0);
INSERT INTO health_declaration (eid, declaration_date, temperature) VALUES (53, '6/11/2021'::DATE, 36.2);
INSERT INTO health_declaration (eid, declaration_date, temperature) VALUES (53, '7/11/2021'::DATE, 37.0);
INSERT INTO health_declaration (eid, declaration_date, temperature) VALUES (53, '8/11/2021'::DATE, 37.0);
INSERT INTO health_declaration (eid, declaration_date, temperature) VALUES (54, '6/11/2021'::DATE, 36.9);
INSERT INTO health_declaration (eid, declaration_date, temperature) VALUES (54, '7/11/2021'::DATE, 36.4);
INSERT INTO health_declaration (eid, declaration_date, temperature) VALUES (54, '8/11/2021'::DATE, 37.1);
INSERT INTO health_declaration (eid, declaration_date, temperature) VALUES (55, '6/11/2021'::DATE, 36.4);
INSERT INTO health_declaration (eid, declaration_date, temperature) VALUES (55, '7/11/2021'::DATE, 36.9);
INSERT INTO health_declaration (eid, declaration_date, temperature) VALUES (55, '8/11/2021'::DATE, 37.4);
INSERT INTO health_declaration (eid, declaration_date, temperature) VALUES (56, '6/11/2021'::DATE, 36.7);
INSERT INTO health_declaration (eid, declaration_date, temperature) VALUES (56, '7/11/2021'::DATE, 37.2);
INSERT INTO health_declaration (eid, declaration_date, temperature) VALUES (56, '8/11/2021'::DATE, 36.9);
-- INSERT INTO health_declaration (eid, declaration_date, temperature) VALUES (57, '6/11/2021'::DATE, 36.4); -- 57 resigned on 3/11/2021
-- INSERT INTO health_declaration (eid, declaration_date, temperature) VALUES (57, '7/11/2021'::DATE, 35.9);
-- INSERT INTO health_declaration (eid, declaration_date, temperature) VALUES (57, '8/11/2021'::DATE, 37.5);
INSERT INTO health_declaration (eid, declaration_date, temperature) VALUES (58, '6/11/2021'::DATE, 36.9);
INSERT INTO health_declaration (eid, declaration_date, temperature) VALUES (58, '7/11/2021'::DATE, 37.3);
INSERT INTO health_declaration (eid, declaration_date, temperature) VALUES (58, '8/11/2021'::DATE, 36.9);
INSERT INTO health_declaration (eid, declaration_date, temperature) VALUES (59, '6/11/2021'::DATE, 37.1);
INSERT INTO health_declaration (eid, declaration_date, temperature) VALUES (59, '7/11/2021'::DATE, 36.7);
INSERT INTO health_declaration (eid, declaration_date, temperature) VALUES (59, '8/11/2021'::DATE, 37.3);
-- INSERT INTO health_declaration (eid, declaration_date, temperature) VALUES (60, '6/11/2021'::DATE, 36.4); -- 60 resigned on 2/11/2021
-- INSERT INTO health_declaration (eid, declaration_date, temperature) VALUES (60, '7/11/2021'::DATE, 36.9);
-- INSERT INTO health_declaration (eid, declaration_date, temperature) VALUES (60, '8/11/2021'::DATE, 37.8); -- fever
